Adilabad,TELANGANA
Warangal,TELANGANA
Karim Nagar,TELANGANA
Mahabub Nagar,TELANGANA
K.V.Rangareddy,TELANGANA
Medak,TELANGANA
Nalgonda,TELANGANA
Nizamabad,TELANGANA
Hyderabad,TELANGANA
Ananthapur,ANDHRA PRADESH
Cuddapah,ANDHRA PRADESH
Chittoor,ANDHRA PRADESH
Kurnool,ANDHRA PRADESH
Prakasam,ANDHRA PRADESH
West Godavari,ANDHRA PRADESH
Krishna,ANDHRA PRADESH
Nellore,ANDHRA PRADESH
Guntur,ANDHRA PRADESH
Khammam,TELANGANA
East Godavari,ANDHRA PRADESH
Visakhapatnam,ANDHRA PRADESH
Pondicherry,PONDICHERRY
Vizianagaram,ANDHRA PRADESH
Srikakulam,ANDHRA PRADESH
Lakhimpur,ASSAM
Dibrugarh,ASSAM
Dhemaji,ASSAM
Marigaon,ASSAM
Nagaon,ASSAM
Karbi Anglong,ASSAM
Golaghat,ASSAM
Sibsagar,ASSAM
Jorhat,ASSAM
Tinsukia,ASSAM
Karimganj,ASSAM
Hailakandi,ASSAM
Cachar,ASSAM
North Cachar Hills,ASSAM
Darrang,ASSAM
Sonitpur,ASSAM
Bongaigaon,ASSAM
Kokrajhar,ASSAM
Goalpara,ASSAM
Dhubri,ASSAM
Kamrup,ASSAM
Nalbari,ASSAM
Barpeta,ASSAM
Begusarai,BIHAR
Khagaria,BIHAR
Darbhanga,BIHAR
Madhubani,BIHAR
Muzaffarpur,BIHAR
Samastipur,BIHAR
Sitamarhi,BIHAR
East Champaran,BIHAR
Supaul,BIHAR
Vaishali,BIHAR
Purnia,BIHAR
Araria,BIHAR
Katihar,BIHAR
Kishanganj,BIHAR
Madhepura,BIHAR
Saharsa,BIHAR
Saran,BIHAR
Siwan,BIHAR
Bhojpur,BIHAR
Sheohar,BIHAR
Gopalganj,BIHAR
West Champaran,BIHAR
Gaya,BIHAR
Aurangabad(BH),BIHAR
Arwal,BIHAR
Bhagalpur,BIHAR
Banka,BIHAR
Munger,BIHAR
Buxar,BIHAR
Jehanabad,BIHAR
Patna,BIHAR
Sheikhpura,BIHAR
Jamui,BIHAR
Lakhisarai,BIHAR
Nalanda,BIHAR
Nawada,BIHAR
Rohtas,BIHAR
Kaimur (Bhabua),BIHAR
Kanker,CHATTISGARH
Bastar,CHATTISGARH
Dantewada,CHATTISGARH
Bijapur(CGH),CHATTISGARH
Narayanpur,CHATTISGARH
Bilaspur(CGH),CHATTISGARH
Janjgir-champa,CHATTISGARH
Korba,CHATTISGARH
Durg,CHATTISGARH
Rajnandgaon,CHATTISGARH
Kawardha,CHATTISGARH
Surguja,CHATTISGARH
Raigarh,CHATTISGARH
Jashpur,CHATTISGARH
Koriya,CHATTISGARH
Raipur,CHATTISGARH
Mahasamund,CHATTISGARH
Dhamtari,CHATTISGARH
Gariaband,CHATTISGARH
East Delhi,DELHI
North East Delhi,DELHI
North West Delhi,DELHI
North Delhi,DELHI
Central Delhi,DELHI
New Delhi,DELHI
South Delhi,DELHI
South West Delhi,DELHI
West Delhi,DELHI
Ahmedabad,GUJARAT
Gandhi Nagar,GUJARAT
Banaskantha,GUJARAT
Mahesana,GUJARAT
Surendra Nagar,GUJARAT
Patan,GUJARAT
Sabarkantha,GUJARAT
Amreli,GUJARAT
Rajkot,GUJARAT
Junagadh,GUJARAT
Bhavnagar,GUJARAT
Jamnagar,GUJARAT
Porbandar,GUJARAT
Diu,DAMAN & DIU
Kachchh,GUJARAT
Anand,GUJARAT
Kheda,GUJARAT
Surat,GUJARAT
The Dangs,GUJARAT
Tapi,GUJARAT
Navsari,GUJARAT
Vadodara,GUJARAT
Bharuch,GUJARAT
Narmada,GUJARAT
Dahod,GUJARAT
Panch Mahals,GUJARAT
Valsad,GUJARAT
Dadra & Nagar Haveli,DADRA & NAGAR HAVELI
Daman,DAMAN & DIU
Ambala,HARYANA
Yamuna Nagar,HARYANA
Panchkula,HARYANA
Bhiwani,HARYANA
Faridabad,HARYANA
Gurgaon,HARYANA
Rewari,HARYANA
Mahendragarh,HARYANA
Hisar,HARYANA
Sirsa,HARYANA
Fatehabad,HARYANA
Karnal,HARYANA
Panipat,HARYANA
Jind,HARYANA
Kaithal,HARYANA
Kurukshetra,HARYANA
Jhajjar,HARYANA
Rohtak,HARYANA
Sonipat,HARYANA
Chamba,HIMACHAL PRADESH
Kangra,HIMACHAL PRADESH
Bilaspur (HP),HIMACHAL PRADESH
Hamirpur(HP),HIMACHAL PRADESH
Una,HIMACHAL PRADESH
Mandi,HIMACHAL PRADESH
Kullu,HIMACHAL PRADESH
Lahul & Spiti,HIMACHAL PRADESH
Kinnaur,HIMACHAL PRADESH
Shimla,HIMACHAL PRADESH
Sirmaur,HIMACHAL PRADESH
Solan,HIMACHAL PRADESH
Bandipur,JAMMU & KASHMIR
Baramulla,JAMMU & KASHMIR
Kupwara,JAMMU & KASHMIR
Jammu,JAMMU & KASHMIR
Kathua,JAMMU & KASHMIR
Udhampur,JAMMU & KASHMIR
Poonch,JAMMU & KASHMIR
Kargil,JAMMU & KASHMIR
Leh,JAMMU & KASHMIR
Rajauri,JAMMU & KASHMIR
Reasi,JAMMU & KASHMIR
Srinagar,JAMMU & KASHMIR
Budgam,JAMMU & KASHMIR
Ananthnag,JAMMU & KASHMIR
Shopian,JAMMU & KASHMIR
Pulwama,JAMMU & KASHMIR
Kulgam,JAMMU & KASHMIR
Doda,JAMMU & KASHMIR
Dhanbad,JHARKHAND
Bokaro,JHARKHAND
Giridh,JHARKHAND
Hazaribag,JHARKHAND
Chatra,JHARKHAND
Ramgarh,JHARKHAND
Koderma,JHARKHAND
Latehar,JHARKHAND
Garhwa,JHARKHAND
Palamau,JHARKHAND
Ranchi,JHARKHAND
Gumla,JHARKHAND
Simdega,JHARKHAND
Lohardaga,JHARKHAND
West Singhbhum,JHARKHAND
Khunti,JHARKHAND
Deoghar,JHARKHAND
Godda,JHARKHAND
Jamtara,JHARKHAND
Sahibganj,JHARKHAND
Dumka,JHARKHAND
Pakur,JHARKHAND
Seraikela-kharsawan,JHARKHAND
East Singhbhum,JHARKHAND
Bangalore,KARNATAKA
Bangalore Rural,KARNATAKA
Ramanagar,KARNATAKA
Bagalkot,KARNATAKA
Bijapur(KAR),KARNATAKA
Belgaum,KARNATAKA
Davangere,KARNATAKA
Bellary,KARNATAKA
Bidar,KARNATAKA
Dharwad,KARNATAKA
Gadag,KARNATAKA
Koppal,KARNATAKA
Yadgir,KARNATAKA
Gulbarga,KARNATAKA
Haveri,KARNATAKA
Uttara Kannada,KARNATAKA
Raichur,KARNATAKA
Chickmagalur,KARNATAKA
Chitradurga,KARNATAKA
Hassan,KARNATAKA
Kodagu,KARNATAKA
Chikkaballapur,KARNATAKA
Kolar,KARNATAKA
Mandya,KARNATAKA
Dakshina Kannada,KARNATAKA
Udupi,KARNATAKA
Mysore,KARNATAKA
Chamrajnagar,KARNATAKA
Shimoga,KARNATAKA
Tumkur,KARNATAKA
Wayanad,KERALA
Kozhikode,KERALA
Malappuram,KERALA
Kannur,KERALA
Kasargod,KERALA
Palakkad,KERALA
Mahe,PONDICHERRY
Alappuzha,KERALA
Ernakulam,KERALA
Kottayam,KERALA
Pathanamthitta,KERALA
Idukki,KERALA
Thrissur,KERALA
Lakshadweep,LAKSHADWEEP
Kollam,KERALA
Thiruvananthapuram,KERALA
Seoni,MADHYA PRADESH
Balaghat,MADHYA PRADESH
Mandla,MADHYA PRADESH
Dindori,MADHYA PRADESH
Bhopal,MADHYA PRADESH
Raisen,MADHYA PRADESH
Chhatarpur,MADHYA PRADESH
Tikamgarh,MADHYA PRADESH
Panna,MADHYA PRADESH
Betul,MADHYA PRADESH
Chhindwara,MADHYA PRADESH
Hoshangabad,MADHYA PRADESH
Narsinghpur,MADHYA PRADESH
Harda,MADHYA PRADESH
Satna,MADHYA PRADESH
Rewa,MADHYA PRADESH
Damoh,MADHYA PRADESH
Sagar,MADHYA PRADESH
Anuppur,MADHYA PRADESH
Umaria,MADHYA PRADESH
Shahdol,MADHYA PRADESH
Sidhi,MADHYA PRADESH
Singrauli,MADHYA PRADESH
Vidisha,MADHYA PRADESH
Ashok Nagar,MADHYA PRADESH
Shivpuri,MADHYA PRADESH
Guna,MADHYA PRADESH
Gwalior,MADHYA PRADESH
Datia,MADHYA PRADESH
Bhind,MADHYA PRADESH
Morena,MADHYA PRADESH
Sheopur,MADHYA PRADESH
Indore,MADHYA PRADESH
Dewas,MADHYA PRADESH
Dhar,MADHYA PRADESH
Katni,MADHYA PRADESH
Jabalpur,MADHYA PRADESH
East Nimar,MADHYA PRADESH
West Nimar,MADHYA PRADESH
Barwani,MADHYA PRADESH
Khandwa,MADHYA PRADESH
Burhanpur,MADHYA PRADESH
Khargone,MADHYA PRADESH
Neemuch,MADHYA PRADESH
Mandsaur,MADHYA PRADESH
Jhabua,MADHYA PRADESH
Ratlam,MADHYA PRADESH
Alirajpur,MADHYA PRADESH
Sehore,MADHYA PRADESH
Rajgarh,MADHYA PRADESH
Ujjain,MADHYA PRADESH
Shajapur,MADHYA PRADESH
Jalna,MAHARASHTRA
Aurangabad,MAHARASHTRA
Beed,MAHARASHTRA
Jalgaon,MAHARASHTRA
Dhule,MAHARASHTRA
Nandurbar,MAHARASHTRA
Nashik,MAHARASHTRA
Nanded,MAHARASHTRA
Latur,MAHARASHTRA
Osmanabad,MAHARASHTRA
Hingoli,MAHARASHTRA
Parbhani,MAHARASHTRA
South Goa,GOA
North Goa,GOA
Kolhapur,MAHARASHTRA
Ratnagiri,MAHARASHTRA
Sindhudurg,MAHARASHTRA
Satara,MAHARASHTRA
Sangli,MAHARASHTRA
Mumbai,MAHARASHTRA
Raigarh(MH),MAHARASHTRA
Thane,MAHARASHTRA
Akola,MAHARASHTRA
Washim,MAHARASHTRA
Amravati,MAHARASHTRA
Buldhana,MAHARASHTRA
Gadchiroli,MAHARASHTRA
Chandrapur,MAHARASHTRA
Nagpur,MAHARASHTRA
Gondia,MAHARASHTRA
Bhandara,MAHARASHTRA
Wardha,MAHARASHTRA
Yavatmal,MAHARASHTRA
Ahmed Nagar,MAHARASHTRA
Solapur,MAHARASHTRA
Pune,MAHARASHTRA
Imphal West,MANIPUR
Churachandpur,MANIPUR
Chandel,MANIPUR
Thoubal,MANIPUR
Tamenglong,MANIPUR
Ukhrul,MANIPUR
Imphal East,MANIPUR
Bishnupur,MANIPUR
Senapati,MANIPUR
Aizawl,MIZORAM
Mammit,MIZORAM
Lunglei,MIZORAM
Kolasib,MIZORAM
Lawngtlai,MIZORAM
Champhai,MIZORAM
Saiha,MIZORAM
Serchhip,MIZORAM
Zunhebotto,NAGALAND
Dimapur,NAGALAND
Wokha,NAGALAND
Phek,NAGALAND
Mokokchung,NAGALAND
Kiphire,NAGALAND
Tuensang,NAGALAND
Mon,NAGALAND
Kohima,NAGALAND
Peren,NAGALAND
Longleng,NAGALAND
South Tripura,TRIPURA
West Tripura,TRIPURA
Lower Dibang Valley,ARUNACHAL PRADESH
East Siang,ARUNACHAL PRADESH
Dibang Valley,ARUNACHAL PRADESH
West Siang,ARUNACHAL PRADESH
Lohit,ARUNACHAL PRADESH
Papum Pare,ARUNACHAL PRADESH
Tawang,ARUNACHAL PRADESH
West Kameng,ARUNACHAL PRADESH
East Kameng,ARUNACHAL PRADESH
Lower Subansiri,ARUNACHAL PRADESH
Changlang,ARUNACHAL PRADESH
Tirap,ARUNACHAL PRADESH
Kurung Kumey,ARUNACHAL PRADESH
Upper Siang,ARUNACHAL PRADESH
Upper Subansiri,ARUNACHAL PRADESH
Dhalai,TRIPURA
North Tripura,TRIPURA
West Garo Hills,MEGHALAYA
East Garo Hills,MEGHALAYA
Jaintia Hills,MEGHALAYA
East Khasi Hills,MEGHALAYA
South Garo Hills,MEGHALAYA
Ri Bhoi,MEGHALAYA
West Khasi Hills,MEGHALAYA
Ganjam,ODISHA
Gajapati,ODISHA
Kalahandi,ODISHA
Nuapada,ODISHA
Koraput,ODISHA
Rayagada,ODISHA
Nabarangapur,ODISHA
Malkangiri,ODISHA
Kandhamal,ODISHA
Boudh,ODISHA
Baleswar,ODISHA
Bhadrak,ODISHA
Kendujhar,ODISHA
Khorda,ODISHA
Puri,ODISHA
Cuttack,ODISHA
Jajapur,ODISHA
Kendrapara,ODISHA
Jagatsinghapur,ODISHA
Mayurbhanj,ODISHA
Nayagarh,ODISHA
Balangir,ODISHA
Sonapur,ODISHA
Angul,ODISHA
Dhenkanal,ODISHA
Sambalpur,ODISHA
Bargarh,ODISHA
Jharsuguda,ODISHA
Debagarh,ODISHA
Sundergarh,ODISHA
Chandigarh,CHANDIGARH
Ropar,PUNJAB
Mohali,PUNJAB
Rupnagar,PUNJAB
Patiala,PUNJAB
Ludhiana,PUNJAB
Fatehgarh Sahib,PUNJAB
Sangrur,PUNJAB
Barnala,PUNJAB
Amritsar,PUNJAB
Tarn Taran,PUNJAB
Bathinda,PUNJAB
Mansa,PUNJAB
Muktsar,PUNJAB
Moga,PUNJAB
Faridkot,PUNJAB
Firozpur,PUNJAB
Fazilka,PUNJAB
Gurdaspur,PUNJAB
Pathankot,PUNJAB
Hoshiarpur,PUNJAB
Nawanshahr,PUNJAB
Jalandhar,PUNJAB
Kapurthala,PUNJAB
Ajmer,RAJASTHAN
Rajsamand,RAJASTHAN
Bhilwara,RAJASTHAN
Chittorgarh,RAJASTHAN
Banswara,RAJASTHAN
Dungarpur,RAJASTHAN
Kota,RAJASTHAN
Baran,RAJASTHAN
Jhalawar,RAJASTHAN
Bundi,RAJASTHAN
Tonk,RAJASTHAN
Udaipur,RAJASTHAN
Alwar,RAJASTHAN
Bharatpur,RAJASTHAN
Dholpur,RAJASTHAN
Jaipur,RAJASTHAN
Dausa,RAJASTHAN
Sawai Madhopur,RAJASTHAN
Karauli,RAJASTHAN
Barmer,RAJASTHAN
Bikaner,RAJASTHAN
Churu,RAJASTHAN
Jhujhunu,RAJASTHAN
Jodhpur,RAJASTHAN
Jaisalmer,RAJASTHAN
Nagaur,RAJASTHAN
Pali,RAJASTHAN
Sikar,RAJASTHAN
Sirohi,RAJASTHAN
Jalor,RAJASTHAN
Ganganagar,RAJASTHAN
Hanumangarh,RAJASTHAN
Chennai,TAMIL NADU
Vellore,TAMIL NADU
Tiruvannamalai,TAMIL NADU
Kanchipuram,TAMIL NADU
Tiruvallur,TAMIL NADU
Villupuram,TAMIL NADU
Cuddalore,TAMIL NADU
Coimbatore,TAMIL NADU
Dharmapuri,TAMIL NADU
Salem,TAMIL NADU
Erode,TAMIL NADU
Karur,TAMIL NADU
Namakkal,TAMIL NADU
Krishnagiri,TAMIL NADU
Nilgiris,TAMIL NADU
Dindigul,TAMIL NADU
Kanyakumari,TAMIL NADU
Sivaganga,TAMIL NADU
Ramanathapuram,TAMIL NADU
Tuticorin,TAMIL NADU
Tirunelveli,TAMIL NADU
Madurai,TAMIL NADU
Theni,TAMIL NADU
Virudhunagar,TAMIL NADU
Ariyalur,TAMIL NADU
Tiruchirappalli,TAMIL NADU
Pudukkottai,TAMIL NADU
Tiruvarur,TAMIL NADU
Thanjavur,TAMIL NADU
Nagapattinam,TAMIL NADU
Karaikal,PONDICHERRY
Perambalur,TAMIL NADU
Agra,UTTAR PRADESH
Aligarh,UTTAR PRADESH
Hathras,UTTAR PRADESH
Bulandshahr,UTTAR PRADESH
Gautam Buddha Nagar,UTTAR PRADESH
Etah,UTTAR PRADESH
Firozabad,UTTAR PRADESH
Etawah,UTTAR PRADESH
Auraiya,UTTAR PRADESH
Jhansi,UTTAR PRADESH
Jalaun,UTTAR PRADESH
Lalitpur,UTTAR PRADESH
Mainpuri,UTTAR PRADESH
Mathura,UTTAR PRADESH
Azamgarh,UTTAR PRADESH
Allahabad,UTTAR PRADESH
Kaushambi,UTTAR PRADESH
Ghazipur,UTTAR PRADESH
Jaunpur,UTTAR PRADESH
Sonbhadra,UTTAR PRADESH
Mirzapur,UTTAR PRADESH
Pratapgarh,UTTAR PRADESH
Varanasi,UTTAR PRADESH
Chandauli,UTTAR PRADESH
Sant Ravidas Nagar,UTTAR PRADESH
Pilibhit,UTTAR PRADESH
Bareilly,UTTAR PRADESH
Bijnor,UTTAR PRADESH
Haridwar,UTTARAKHAND
Budaun,UTTAR PRADESH
Hardoi,UTTAR PRADESH
Kheri,UTTAR PRADESH
Meerut,UTTAR PRADESH
Bagpat,UTTAR PRADESH
Moradabad,UTTAR PRADESH
Jyotiba Phule Nagar,UTTAR PRADESH
Rampur,UTTAR PRADESH
Muzaffarnagar,UTTAR PRADESH
Saharanpur,UTTAR PRADESH
Shahjahanpur,UTTAR PRADESH
Mau,UTTAR PRADESH
Shrawasti,UTTAR PRADESH
Bahraich,UTTAR PRADESH
Ballia,UTTAR PRADESH
Siddharthnagar,UTTAR PRADESH
Sant Kabir Nagar,UTTAR PRADESH
Basti,UTTAR PRADESH
Deoria,UTTAR PRADESH
Kushinagar,UTTAR PRADESH
Gonda,UTTAR PRADESH
Balrampur,UTTAR PRADESH
Gorakhpur,UTTAR PRADESH
Maharajganj,UTTAR PRADESH
Banda,UTTAR PRADESH
Chitrakoot,UTTAR PRADESH
Mahoba,UTTAR PRADESH
Hamirpur,UTTAR PRADESH
Kannauj,UTTAR PRADESH
Farrukhabad,UTTAR PRADESH
Fatehpur,UTTAR PRADESH
Kanpur Nagar,UTTAR PRADESH
Unnao,UTTAR PRADESH
Kanpur Dehat,UTTAR PRADESH
Barabanki,UTTAR PRADESH
Faizabad,UTTAR PRADESH
Ambedkar Nagar,UTTAR PRADESH
Ghaziabad,UTTAR PRADESH
Lucknow,UTTAR PRADESH
Raebareli,UTTAR PRADESH
Sitapur,UTTAR PRADESH
Sultanpur,UTTAR PRADESH
Almora,UTTARAKHAND
Bageshwar,UTTARAKHAND
Chamoli,UTTARAKHAND
Rudraprayag,UTTARAKHAND
Dehradun,UTTARAKHAND
Udham Singh Nagar,UTTARAKHAND
Nainital,UTTARAKHAND
Champawat,UTTARAKHAND
Pauri Garhwal,UTTARAKHAND
Pithoragarh,UTTARAKHAND
Tehri Garhwal,UTTARAKHAND
Uttarkashi,UTTARAKHAND
Kolkata,WEST BENGAL
North 24 Parganas,WEST BENGAL
South 24 Parganas,WEST BENGAL
Birbhum,WEST BENGAL
Murshidabad,WEST BENGAL
Nadia,WEST BENGAL
South Andaman,ANDAMAN & NICOBAR ISLANDS
North And Middle Andaman,ANDAMAN & NICOBAR ISLANDS
Nicobar,ANDAMAN & NICOBAR ISLANDS
Cooch Behar,WEST BENGAL
Jalpaiguri,WEST BENGAL
Darjiling,WEST BENGAL
Malda,WEST BENGAL
East Sikkim,SIKKIM
West Sikkim,SIKKIM
South Sikkim,SIKKIM
North Sikkim,SIKKIM
South Dinajpur,WEST BENGAL
North Dinajpur,WEST BENGAL
Bardhaman,WEST BENGAL
Bankura,WEST BENGAL
West Midnapore,WEST BENGAL
East Midnapore,WEST BENGAL
Hooghly,WEST BENGAL
Howrah,WEST BENGAL
Medinipur,WEST BENGAL
Puruliya,WEST BENGAL
